{
    "70th Anniversary Grand Prix": {
        "HARD": {
            "Average Degradation": 0.24164935064935064,
            "Average Stint Length": 34.3
        },
        "MEDIUM": {
            "Average Degradation": 0.19789075630252104,
            "Average Stint Length": 16.55
        },
        "SOFT": {
            "Average Degradation": 0.14466666666666642,
            "Average Stint Length": 8.0
        }
    },
    "Abu Dhabi Grand Prix": {
        "HARD": {
            "Average Degradation": 0.27754567116759327,
            "Average Stint Length": 35.782051282051285
        },
        "MEDIUM": {
            "Average Degradation": 0.3117073170731708,
            "Average Stint Length": 19.46153846153846
        },
        "SOFT": {
            "Average Degradation": 0.7129032258064518,
            "Average Stint Length": 13.05
        }
    },
    "Australian Grand Prix": {
        "HARD": {
            "Average Degradation": 0.7490582010582009,
            "Average Stint Length": 41.19642857142857
        },
        "MEDIUM": {
            "Average Degradation": 1.262952898550725,
            "Average Stint Length": 14.043478260869565
        },
        "SOFT": {
            "Average Degradation": 1.622083333333333,
            "Average Stint Length": 4.684210526315789
        }
    },
    "Austrian Grand Prix": {
        "HARD": {
            "Average Degradation": 0.36340262707024557,
            "Average Stint Length": 39.0
        },
        "MEDIUM": {
            "Average Degradation": 0.4745687702265373,
            "Average Stint Length": 29.61627906976744
        },
        "SOFT": {
            "Average Degradation": 0.5948273381294965,
            "Average Stint Length": 15.904761904761905
        }
    },
    "Azerbaijan Grand Prix": {
        "HARD": {
            "Average Degradation": 0.3726597285067873,
            "Average Stint Length": 36.205128205128204
        },
        "MEDIUM": {
            "Average Degradation": 0.4199866666666667,
            "Average Stint Length": 12.327272727272728
        },
        "SOFT": {
            "Average Degradation": 0.4205194805194806,
            "Average Stint Length": 11.818181818181818
        }
    },
    "Bahrain Grand Prix": {
        "HARD": {
            "Average Degradation": 0.336171686746988,
            "Average Stint Length": 30.37037037037037
        },
        "MEDIUM": {
            "Average Degradation": 0.37349768875192607,
            "Average Stint Length": 22.571428571428573
        },
        "SOFT": {
            "Average Degradation": 0.43930493273542603,
            "Average Stint Length": 22.301369863013697
        }
    },
    "Belgian Grand Prix": {
        "HARD": {
            "Average Degradation": 0.10730496453900709,
            "Average Stint Length": 24.53846153846154
        },
        "MEDIUM": {
            "Average Degradation": 0.21293565683646107,
            "Average Stint Length": 19.914285714285715
        },
        "SOFT": {
            "Average Degradation": 0.1659705882352941,
            "Average Stint Length": 15.571428571428571
        }
    },
    "British Grand Prix": {
        "HARD": {
            "Average Degradation": 0.2083723404255318,
            "Average Stint Length": 25.64406779661017
        },
        "INTERMEDIATE": {
            "Average Degradation": 0.29067326732673265,
            "Average Stint Length": 12.31578947368421
        },
        "MEDIUM": {
            "Average Degradation": 0.42156872635561154,
            "Average Stint Length": 24.72289156626506
        },
        "SOFT": {
            "Average Degradation": 0.5898262295081967,
            "Average Stint Length": 15.784313725490197
        }
    },
    "Canadian Grand Prix": {
        "HARD": {
            "Average Degradation": 0.7752241183162688,
            "Average Stint Length": 44.06818181818182
        },
        "INTERMEDIATE": {
            "Average Degradation": 1.4860204918032784,
            "Average Stint Length": 41.35
        },
        "MEDIUM": {
            "Average Degradation": 1.3355971896955503,
            "Average Stint Length": 20.28846153846154
        },
        "SOFT": {
            "Average Degradation": 2.146,
            "Average Stint Length": 6.0
        },
        "WET": {
            "Average Degradation": 1.1614999999999998,
            "Average Stint Length": 9.5
        }
    },
    "Dutch Grand Prix": {
        "HARD": {
            "Average Degradation": 0.3397543391188251,
            "Average Stint Length": 31.423076923076923
        },
        "INTERMEDIATE": {
            "Average Degradation": 1.9148137254901962,
            "Average Stint Length": 17.105263157894736
        },
        "MEDIUM": {
            "Average Degradation": 0.32992049689441016,
            "Average Stint Length": 28.032258064516128
        },
        "SOFT": {
            "Average Degradation": 0.6863661137440757,
            "Average Stint Length": 30.847457627118644
        },
        "WET": {
            "Average Degradation": 2.9490000000000016,
            "Average Stint Length": 2.0
        }
    },
    "Eifel Grand Prix": {
        "HARD": {
            "Average Degradation": 0.614019607843137,
            "Average Stint Length": 25.75
        },
        "MEDIUM": {
            "Average Degradation": 0.6386495327102806,
            "Average Stint Length": 25.157894736842106
        },
        "SOFT": {
            "Average Degradation": 0.7291242937853107,
            "Average Stint Length": 23.05263157894737
        }
    },
    "Emilia Romagna Grand Prix": {
        "HARD": {
            "Average Degradation": 0.3039258620689656,
            "Average Stint Length": 34.82857142857143
        },
        "INTERMEDIATE": {
            "Average Degradation": 0.7982203947368423,
            "Average Stint Length": 20.86842105263158
        },
        "MEDIUM": {
            "Average Degradation": 0.3594800000000001,
            "Average Stint Length": 29.416666666666668
        },
        "SOFT": {
            "Average Degradation": 0.9354625000000001,
            "Average Stint Length": 16.5
        },
        "WET": {
            "Average Degradation": 1.3710909090909091,
            "Average Stint Length": 10.333333333333334
        }
    },
    "French Grand Prix": {
        "HARD": {
            "Average Degradation": 0.3194,
            "Average Stint Length": 31.82051282051282
        },
        "MEDIUM": {
            "Average Degradation": 0.46747507331378296,
            "Average Stint Length": 19.205128205128204
        },
        "SOFT": {
            "Average Degradation": 0.04100000000000072,
            "Average Stint Length": 19.0
        }
    },
    "Hungarian Grand Prix": {
        "HARD": {
            "Average Degradation": 0.1894797843665768,
            "Average Stint Length": 39.37662337662338
        },
        "INTERMEDIATE": {
            "Average Degradation": 0.642277777777778,
            "Average Stint Length": 3.090909090909091
        },
        "MEDIUM": {
            "Average Degradation": 0.2701445497630333,
            "Average Stint Length": 30.3953488372093
        },
        "SOFT": {
            "Average Degradation": 0.523193308550186,
            "Average Stint Length": 16.11764705882353
        }
    },
    "Italian Grand Prix": {
        "HARD": {
            "Average Degradation": 0.3449719222462203,
            "Average Stint Length": 26.775
        },
        "MEDIUM": {
            "Average Degradation": 0.32917706013363035,
            "Average Stint Length": 22.41111111111111
        },
        "SOFT": {
            "Average Degradation": 0.9892374100719425,
            "Average Stint Length": 20.066666666666666
        }
    },
    "Japanese Grand Prix": {
        "HARD": {
            "Average Degradation": 0.1981845574387947,
            "Average Stint Length": 29.529411764705884
        },